timestamp,simple-path,time
2021-12-10 12:58:29.701,/master/welcome,3289
2021-12-10 12:58:30.152,/master/welcome,428
2021-12-10 12:58:31.353,/master/sign-in,1080
2021-12-10 12:58:32.507,/master/welcome,573
2021-12-10 12:58:35.287,/master/welcome,299
2021-12-10 12:58:35.945,/master/welcome,583
2021-12-10 12:58:36.438,/master/welcome,269
2021-12-10 12:58:36.753,/master/welcome,280
2021-12-10 12:58:37.417,/master/sign-in,559
2021-12-10 12:58:38.604,/master/welcome,575
2021-12-10 12:58:39.829,/administrator/configuration/list,1091
2021-12-10 12:58:40.634,/administrator/configuration/show,546
2021-12-10 12:58:40.986,/master/welcome,301
2021-12-10 12:58:41.652,/master/welcome,560
2021-12-10 12:58:46.167,/master/welcome,566
2021-12-10 12:58:46.654,/master/welcome,453
2021-12-10 12:58:47.323,/master/sign-in,579
2021-12-10 12:58:48.495,/master/welcome,563
2021-12-10 12:58:50.567,/master/welcome,307
2021-12-10 12:58:51.2,/master/welcome,563
2021-12-10 12:58:51.586,/master/welcome,297
2021-12-10 12:58:51.933,/master/welcome,314
2021-12-10 12:58:52.579,/master/sign-in,564
2021-12-10 12:58:53.86,/master/welcome,574
2021-12-10 12:58:54.531,/administrator/configuration/list,546
2021-12-10 12:58:55.216,/administrator/configuration/show,562
2021-12-10 12:58:56.067,/administrator/configuration/list,693
2021-12-10 12:58:56.745,/administrator/configuration/show,561
2021-12-10 12:58:57.112,/master/welcome,275
2021-12-10 12:58:57.864,/master/welcome,597
2021-12-10 12:58:58.15,/master/welcome,233
2021-12-10 12:58:58.447,/master/welcome,276
2021-12-10 12:58:59.066,/master/sign-in,546
2021-12-10 12:59:00.106,/master/welcome,584
2021-12-10 12:59:00.819,/administrator/configuration/list,536
2021-12-10 12:59:01.497,/administrator/configuration/show,561
2021-12-10 12:59:02.309,/administrator/configuration/list,604
2021-12-10 12:59:02.976,/administrator/configuration/show,560
2021-12-10 12:59:03.263,/master/welcome,223
2021-12-10 12:59:03.883,/master/welcome,559
2021-12-10 12:59:04.162,/master/welcome,219
2021-12-10 12:59:04.445,/master/welcome,269
2021-12-10 12:59:05.08,/master/sign-in,563
2021-12-10 12:59:06.119,/master/welcome,596
2021-12-10 12:59:06.864,/administrator/configuration/list,578
2021-12-10 12:59:07.544,/administrator/configuration/show,552
2021-12-10 12:59:08.324,/administrator/configuration/list,592
2021-12-10 12:59:08.998,/administrator/configuration/show,564
2021-12-10 12:59:09.294,/master/welcome,239
2021-12-10 12:59:09.891,/master/welcome,548
2021-12-10 12:59:10.123,/master/welcome,200
2021-12-10 12:59:10.474,/master/welcome,329
2021-12-10 12:59:11.11,/master/sign-in,553
2021-12-10 12:59:12.246,/master/welcome,572
2021-12-10 12:59:12.932,/administrator/configuration/list,542
2021-12-10 12:59:13.603,/administrator/configuration/show,553
2021-12-10 12:59:14.364,/administrator/configuration/list,582
2021-12-10 12:59:15.011,/administrator/configuration/show,549
2021-12-10 12:59:15.355,/master/welcome,291
2021-12-10 12:59:15.983,/master/welcome,559
2021-12-10 12:59:16.287,/master/welcome,241
2021-12-10 12:59:16.599,/master/welcome,257
2021-12-10 12:59:17.251,/master/sign-in,549
2021-12-10 12:59:18.291,/master/welcome,575
2021-12-10 12:59:18.991,/administrator/configuration/list,558
2021-12-10 12:59:19.72,/administrator/configuration/show,584
2021-12-10 12:59:20.478,/administrator/configuration/list,565
2021-12-10 12:59:21.129,/administrator/configuration/show,551
2021-12-10 12:59:21.412,/master/welcome,235
2021-12-10 12:59:22.022,/master/welcome,553
2021-12-10 12:59:22.303,/master/welcome,225
2021-12-10 12:59:22.576,/master/welcome,253
2021-12-10 12:59:23.212,/master/sign-in,563
2021-12-10 12:59:24.229,/master/welcome,553
2021-12-10 12:59:24.954,/administrator/configuration/list,549
2021-12-10 12:59:25.609,/administrator/configuration/show,550
2021-12-10 12:59:26.358,/administrator/configuration/update,572
2021-12-10 12:59:26.609,/master/welcome,220
2021-12-10 12:59:27.213,/master/welcome,549
2021-12-10 12:59:27.498,/master/welcome,236
2021-12-10 12:59:27.756,/master/welcome,239
2021-12-10 12:59:28.36,/master/sign-in,543
2021-12-10 12:59:29.472,/master/welcome,573
2021-12-10 12:59:30.18,/administrator/configuration/list,550
2021-12-10 12:59:30.845,/administrator/configuration/show,550
2021-12-10 12:59:31.572,/administrator/configuration/update,561
2021-12-10 12:59:31.819,/master/welcome,220
2021-12-10 12:59:32.441,/master/welcome,566
2021-12-10 12:59:32.718,/master/welcome,224
2021-12-10 12:59:32.993,/master/welcome,248
2021-12-10 12:59:33.667,/master/sign-in,552
2021-12-10 12:59:34.679,/master/welcome,548
2021-12-10 12:59:35.338,/administrator/configuration/list,549
2021-12-10 12:59:35.999,/administrator/configuration/show,549
2021-12-10 12:59:36.752,/administrator/configuration/update,572
2021-12-10 12:59:37.008,/master/welcome,224
2021-12-10 12:59:37.609,/master/welcome,550
2021-12-10 12:59:37.852,/master/welcome,213
2021-12-10 12:59:38.097,/master/welcome,231
2021-12-10 12:59:38.719,/master/sign-in,560
2021-12-10 12:59:39.739,/master/welcome,580
2021-12-10 12:59:40.421,/administrator/configuration/list,549
2021-12-10 12:59:41.069,/administrator/configuration/show,550
2021-12-10 12:59:41.782,/administrator/configuration/update,568
2021-12-10 12:59:42.106,/master/welcome,272
2021-12-10 12:59:42.72,/master/welcome,556
2021-12-10 12:59:42.985,/master/welcome,209
2021-12-10 12:59:43.269,/master/welcome,258
2021-12-10 12:59:43.883,/master/sign-in,548
2021-12-10 12:59:44.883,/master/welcome,574
2021-12-10 12:59:45.577,/administrator/configuration/list,581
2021-12-10 12:59:46.262,/administrator/configuration/show,552
2021-12-10 12:59:46.994,/administrator/configuration/update,546
2021-12-10 12:59:47.245,/master/welcome,228
2021-12-10 12:59:47.853,/master/welcome,551
2021-12-10 12:59:48.123,/master/welcome,213
2021-12-10 12:59:48.361,/master/welcome,224
2021-12-10 12:59:48.971,/master/sign-in,549
2021-12-10 12:59:49.985,/master/welcome,559
2021-12-10 12:59:50.664,/administrator/configuration/list,545
2021-12-10 12:59:51.359,/administrator/configuration/show,548
2021-12-10 12:59:52.106,/administrator/configuration/update,568
2021-12-10 12:59:52.34,/master/welcome,210
2021-12-10 12:59:52.95,/master/welcome,553
2021-12-10 12:59:53.218,/master/welcome,218
2021-12-10 12:59:53.489,/master/welcome,260
2021-12-10 12:59:54.122,/master/sign-in,558
2021-12-10 12:59:55.115,/master/welcome,559
2021-12-10 12:59:55.804,/administrator/configuration/list,553
2021-12-10 12:59:56.492,/administrator/configuration/show,576
2021-12-10 12:59:57.21,/administrator/configuration/update,558
2021-12-10 12:59:57.467,/master/welcome,221
2021-12-10 12:59:58.073,/master/welcome,549
2021-12-10 12:59:58.358,/master/welcome,235
2021-12-10 12:59:58.62,/master/welcome,250
2021-12-10 12:59:59.234,/master/sign-in,551
2021-12-10 13:00:00.321,/master/welcome,565
2021-12-10 13:00:01.007,/administrator/configuration/list,543
2021-12-10 13:00:01.684,/administrator/configuration/show,554
2021-12-10 13:00:02.4,/administrator/configuration/update,545
2021-12-10 13:00:02.664,/master/welcome,233
2021-12-10 13:00:03.278,/master/welcome,559
2021-12-10 13:00:03.545,/master/welcome,216
2021-12-10 13:00:03.797,/master/welcome,235
2021-12-10 13:00:04.439,/master/sign-in,559
2021-12-10 13:00:05.439,/master/welcome,552
2021-12-10 13:00:06.118,/administrator/configuration/list,543
2021-12-10 13:00:06.798,/administrator/configuration/show,552
2021-12-10 13:00:07.577,/administrator/configuration/update,582
2021-12-10 13:00:07.823,/master/welcome,223
2021-12-10 13:00:08.418,/master/welcome,546
2021-12-10 13:00:08.692,/master/welcome,233
2021-12-10 13:00:09.0,/master/welcome,292
2021-12-10 13:00:09.633,/master/sign-in,556
2021-12-10 13:00:10.66,/master/welcome,569
2021-12-10 13:00:11.342,/administrator/configuration/list,546
2021-12-10 13:00:11.983,/administrator/configuration/show,549
2021-12-10 13:00:12.683,/administrator/configuration/update,553
2021-12-10 13:00:12.917,/master/welcome,209
2021-12-10 13:00:13.534,/master/welcome,547
2021-12-10 13:00:13.821,/master/welcome,216
2021-12-10 13:00:14.102,/master/welcome,264
2021-12-10 13:00:14.746,/master/sign-in,549
2021-12-10 13:00:15.786,/master/welcome,568
2021-12-10 13:00:16.45,/administrator/configuration/list,542
2021-12-10 13:00:17.091,/administrator/configuration/show,540
2021-12-10 13:00:17.79,/administrator/configuration/update,558
2021-12-10 13:00:18.062,/master/welcome,241
2021-12-10 13:00:18.728,/master/welcome,575
2021-12-10 13:00:18.996,/master/welcome,233
2021-12-10 13:00:19.291,/master/welcome,228
2021-12-10 13:00:19.885,/master/sign-in,540
2021-12-10 13:00:20.925,/master/welcome,571
2021-12-10 13:00:21.628,/administrator/configuration/list,546
2021-12-10 13:00:22.322,/administrator/configuration/show,548
2021-12-10 13:00:23.21,/administrator/configuration/update,602
2021-12-10 13:00:23.459,/master/welcome,212
2021-12-10 13:00:24.063,/master/welcome,550
2021-12-10 13:00:24.313,/master/welcome,203
2021-12-10 13:00:24.526,/master/welcome,194
2021-12-10 13:00:25.163,/master/sign-in,561
2021-12-10 13:00:26.198,/master/welcome,573
2021-12-10 13:00:26.898,/administrator/configuration/list,540
2021-12-10 13:00:27.593,/administrator/configuration/show,571
2021-12-10 13:00:28.333,/administrator/configuration/update,548
2021-12-10 13:00:28.58,/master/welcome,213
2021-12-10 13:00:29.187,/master/welcome,548
2021-12-10 13:00:33.163,/master/welcome,362
2021-12-10 13:00:33.487,/master/welcome,299
2021-12-10 13:00:34.143,/master/sign-in,553
2021-12-10 13:00:35.174,/master/welcome,566
2021-12-10 13:00:37.204,/master/welcome,238
2021-12-10 13:00:37.807,/master/welcome,551
2021-12-10 13:00:38.071,/master/welcome,215
2021-12-10 13:00:38.703,/anonymous/duty/list,542
2021-12-10 13:00:39.886,/anonymous/duty/show,576
2021-12-10 13:00:40.41,/master/welcome,227
2021-12-10 13:00:41.107,/anonymous/duty/list,557
2021-12-10 13:00:42.25,/anonymous/duty/show,547
2021-12-10 13:00:42.676,/master/welcome,222
2021-12-10 13:00:43.301,/anonymous/duty/list,538
2021-12-10 13:00:44.369,/anonymous/duty/show,539
2021-12-10 13:00:44.79,/master/welcome,224
2021-12-10 13:00:45.494,/anonymous/duty/list,575
2021-12-10 13:00:46.602,/anonymous/duty/show,576
2021-12-10 13:00:47.173,/master/welcome,195
2021-12-10 13:00:47.805,/anonymous/duty/list,537
2021-12-10 13:00:48.843,/anonymous/duty/show,561
2021-12-10 13:00:49.345,/master/welcome,253
2021-12-10 13:00:49.638,/master/welcome,266
2021-12-10 13:00:50.241,/master/sign-in,547
2021-12-10 13:00:51.265,/master/welcome,571
2021-12-10 13:00:51.6,/master/welcome,220
2021-12-10 13:00:52.219,/master/welcome,560
2021-12-10 13:00:52.472,/master/welcome,208
2021-12-10 13:00:52.705,/master/welcome,217
2021-12-10 13:00:53.318,/master/sign-in,553
2021-12-10 13:00:54.36,/master/welcome,547
2021-12-10 13:00:54.67,/master/welcome,224
2021-12-10 13:00:55.288,/master/welcome,560
2021-12-10 13:00:59.532,/master/welcome,430
2021-12-10 13:00:59.825,/master/welcome,273
2021-12-10 13:01:00.442,/master/sign-in,557
2021-12-10 13:01:01.446,/master/welcome,542
2021-12-10 13:01:03.438,/master/welcome,241
2021-12-10 13:01:04.028,/master/welcome,540
2021-12-10 13:01:04.282,/master/welcome,220
2021-12-10 13:01:04.543,/master/welcome,247
2021-12-10 13:01:05.148,/master/sign-in,544
2021-12-10 13:01:06.196,/master/welcome,569
2021-12-10 13:01:06.91,/authenticated/duty/list-public-finished,580
2021-12-10 13:01:07.962,/authenticated/duty/show,534
2021-12-10 13:01:08.402,/master/welcome,220
2021-12-10 13:01:09.02,/master/welcome,555
2021-12-10 13:01:09.306,/master/welcome,241
2021-12-10 13:01:09.566,/master/welcome,242
2021-12-10 13:01:10.172,/master/sign-in,547
2021-12-10 13:01:11.21,/master/welcome,574
2021-12-10 13:01:11.876,/authenticated/duty/list-public-finished,544
2021-12-10 13:01:12.836,/authenticated/duty/show,540
2021-12-10 13:01:13.231,/master/welcome,197
2021-12-10 13:01:13.85,/master/welcome,564
2021-12-10 13:01:14.114,/master/welcome,210
2021-12-10 13:01:14.351,/master/welcome,226
2021-12-10 13:01:14.989,/master/sign-in,556
2021-12-10 13:01:16.043,/master/welcome,571
2021-12-10 13:01:16.702,/authenticated/duty/list-public-finished,547
2021-12-10 13:01:17.826,/authenticated/duty/show,564
2021-12-10 13:01:18.208,/master/welcome,197
2021-12-10 13:01:18.814,/master/welcome,552
2021-12-10 13:01:19.089,/master/welcome,218
2021-12-10 13:01:19.348,/master/welcome,231
2021-12-10 13:01:19.97,/master/sign-in,551
2021-12-10 13:01:20.993,/master/welcome,569
2021-12-10 13:01:21.653,/authenticated/duty/list-public-finished,542
2021-12-10 13:01:22.694,/authenticated/duty/show,568
2021-12-10 13:01:23.108,/master/welcome,230
2021-12-10 13:01:23.722,/master/welcome,559
2021-12-10 13:01:23.994,/master/welcome,224
2021-12-10 13:01:28.178,/master/welcome,472
2021-12-10 13:01:28.543,/master/welcome,331
2021-12-10 13:01:29.247,/master/sign-in,594
2021-12-10 13:01:30.276,/master/welcome,560
2021-12-10 13:01:32.293,/master/welcome,224
2021-12-10 13:01:32.906,/master/welcome,551
2021-12-10 13:01:33.161,/master/welcome,206
2021-12-10 13:01:33.41,/master/welcome,234
2021-12-10 13:01:34.005,/master/sign-in,542
2021-12-10 13:01:35.059,/master/welcome,576
2021-12-10 13:01:35.589,/administrator/dashboard/show,481
2021-12-10 13:01:36.028,/master/welcome,385
2021-12-10 13:01:36.637,/master/welcome,549
2021-12-10 13:01:36.894,/master/welcome,224
2021-12-10 13:01:37.145,/master/welcome,239
2021-12-10 13:01:37.75,/master/sign-in,544
2021-12-10 13:01:38.785,/master/welcome,576
2021-12-10 13:01:39.042,/administrator/dashboard/show,221
2021-12-10 13:01:39.297,/master/welcome,237
2021-12-10 13:01:39.899,/master/welcome,548
2021-12-10 13:01:40.17,/master/welcome,235
2021-12-10 13:01:40.458,/master/welcome,266
2021-12-10 13:01:41.072,/master/sign-in,555
2021-12-10 13:01:42.143,/master/welcome,568
2021-12-10 13:01:42.846,/administrator/dashboard/show,551
2021-12-10 13:01:47.44,/master/welcome,393
2021-12-10 13:01:47.74,/master/welcome,284
2021-12-10 13:01:48.361,/master/sign-in,551
2021-12-10 13:01:49.489,/master/welcome,586
2021-12-10 13:01:51.456,/master/welcome,232
2021-12-10 13:01:52.061,/master/welcome,547
2021-12-10 13:01:52.34,/master/welcome,222
2021-12-10 13:01:52.623,/master/welcome,266
2021-12-10 13:01:53.24,/master/sign-in,556
2021-12-10 13:01:54.305,/master/welcome,572
2021-12-10 13:01:55.018,/officer/duty/list,535
2021-12-10 13:01:55.73,/officer/duty/show,559
2021-12-10 13:01:57.125,/officer/duty/list,604
2021-12-10 13:01:57.754,/officer/duty/show,541
2021-12-10 13:01:58.157,/master/welcome,209
2021-12-10 13:01:58.751,/master/welcome,543
2021-12-10 13:01:59.019,/master/welcome,237
2021-12-10 13:01:59.356,/master/welcome,324
2021-12-10 13:01:59.956,/master/sign-in,537
2021-12-10 13:02:01.044,/master/welcome,563
2021-12-10 13:02:01.676,/officer/duty/list,533
2021-12-10 13:02:02.357,/officer/duty/show,563
2021-12-10 13:02:03.64,/officer/duty/list,595
2021-12-10 13:02:04.323,/officer/duty/show,546
2021-12-10 13:02:04.822,/master/welcome,255
2021-12-10 13:02:05.419,/master/welcome,544
2021-12-10 13:02:05.681,/master/welcome,209
2021-12-10 13:02:05.92,/master/welcome,224
2021-12-10 13:02:06.526,/master/sign-in,546
2021-12-10 13:02:07.525,/master/welcome,570
2021-12-10 13:02:08.228,/officer/duty/list,545
2021-12-10 13:02:08.846,/officer/duty/show,535
2021-12-10 13:02:09.844,/officer/duty/list,560
2021-12-10 13:02:10.49,/officer/duty/show,545
2021-12-10 13:02:10.899,/master/welcome,189
2021-12-10 13:02:11.497,/master/welcome,547
2021-12-10 13:02:11.747,/master/welcome,200
2021-12-10 13:02:11.992,/master/welcome,231
2021-12-10 13:02:12.6,/master/sign-in,552
2021-12-10 13:02:13.66,/master/welcome,551
2021-12-10 13:02:14.297,/officer/duty/list,536
2021-12-10 13:02:14.93,/officer/duty/show,546
2021-12-10 13:02:15.937,/officer/duty/list,565
2021-12-10 13:02:16.566,/officer/duty/show,538
2021-12-10 13:02:16.968,/master/welcome,184
2021-12-10 13:02:17.55,/master/welcome,538
2021-12-10 13:02:17.775,/master/welcome,186
2021-12-10 13:02:18.066,/master/welcome,263
2021-12-10 13:02:18.658,/master/sign-in,542
2021-12-10 13:02:19.689,/master/welcome,572
2021-12-10 13:02:20.382,/officer/duty/list,542
2021-12-10 13:02:21.1,/officer/duty/show,553
2021-12-10 13:02:22.344,/officer/duty/list,580
2021-12-10 13:02:23.109,/officer/duty/show,549
2021-12-10 13:02:23.501,/master/welcome,194
2021-12-10 13:02:24.096,/master/welcome,542
2021-12-10 13:02:24.36,/master/welcome,219
2021-12-10 13:02:24.6,/master/welcome,227
2021-12-10 13:02:25.204,/master/sign-in,545
2021-12-10 13:02:26.2,/master/welcome,574
2021-12-10 13:02:26.896,/officer/duty/list,549
2021-12-10 13:02:27.627,/officer/duty/show,575
2021-12-10 13:02:28.699,/officer/duty/list,554
2021-12-10 13:02:29.344,/officer/duty/show,551
2021-12-10 13:02:29.726,/master/welcome,186
2021-12-10 13:02:30.325,/master/welcome,548
2021-12-10 13:02:30.588,/master/welcome,207
2021-12-10 13:02:30.825,/master/welcome,220
2021-12-10 13:02:31.411,/master/sign-in,540
2021-12-10 13:02:32.58,/master/welcome,562
2021-12-10 13:02:33.224,/officer/duty/list,545
2021-12-10 13:02:33.882,/officer/duty/show,541
2021-12-10 13:02:34.963,/officer/duty/update,557
2021-12-10 13:02:35.215,/master/welcome,218
2021-12-10 13:02:35.815,/master/welcome,544
2021-12-10 13:02:36.092,/master/welcome,220
2021-12-10 13:02:36.381,/master/welcome,274
2021-12-10 13:02:36.977,/master/sign-in,542
2021-12-10 13:02:38.003,/master/welcome,573
2021-12-10 13:02:38.664,/officer/duty/list,538
2021-12-10 13:02:39.299,/officer/duty/show,537
2021-12-10 13:02:40.508,/officer/duty/update,558
2021-12-10 13:02:40.756,/master/welcome,220
2021-12-10 13:02:41.375,/master/welcome,542
2021-12-10 13:02:41.607,/master/welcome,205
2021-12-10 13:02:41.826,/master/welcome,203
2021-12-10 13:02:42.437,/master/sign-in,559
2021-12-10 13:02:43.434,/master/welcome,579
2021-12-10 13:02:44.096,/officer/duty/list,541
2021-12-10 13:02:44.827,/officer/duty/show,562
2021-12-10 13:02:46.187,/officer/duty/update,568
2021-12-10 13:02:46.421,/master/welcome,197
2021-12-10 13:02:47.012,/master/welcome,542
2021-12-10 13:02:47.272,/master/welcome,209
2021-12-10 13:02:47.493,/master/welcome,210
2021-12-10 13:02:48.112,/master/sign-in,565
2021-12-10 13:02:49.093,/master/welcome,545
2021-12-10 13:02:49.776,/officer/duty/list,563
2021-12-10 13:02:50.404,/officer/duty/show,543
2021-12-10 13:02:51.432,/officer/duty/update,558
2021-12-10 13:02:51.673,/master/welcome,204
2021-12-10 13:02:52.275,/master/welcome,556
2021-12-10 13:02:52.493,/master/welcome,191
2021-12-10 13:02:52.715,/master/welcome,201
2021-12-10 13:02:53.325,/master/sign-in,541
2021-12-10 13:02:54.317,/master/welcome,551
2021-12-10 13:02:55.019,/officer/duty/list,539
2021-12-10 13:02:55.725,/officer/duty/show,557
2021-12-10 13:02:56.994,/officer/duty/update,553
2021-12-10 13:02:57.272,/master/welcome,234
2021-12-10 13:02:57.874,/master/welcome,546
2021-12-10 13:02:58.132,/master/welcome,210
2021-12-10 13:02:58.369,/master/welcome,219
2021-12-10 13:02:59.012,/master/sign-in,554
2021-12-10 13:03:00.031,/master/welcome,544
2021-12-10 13:03:00.697,/officer/duty/list,544
2021-12-10 13:03:01.402,/officer/duty/show,547
2021-12-10 13:03:02.689,/officer/duty/update,562
2021-12-10 13:03:03.0,/master/welcome,277
2021-12-10 13:03:03.74,/master/welcome,603
2021-12-10 13:03:08.286,/master/welcome,429
2021-12-10 13:03:08.632,/master/welcome,331
2021-12-10 13:03:09.249,/master/sign-in,553
2021-12-10 13:03:10.252,/master/welcome,566
2021-12-10 13:03:12.217,/master/welcome,236
2021-12-10 13:03:12.821,/master/welcome,549
2021-12-10 13:03:13.067,/master/welcome,193
2021-12-10 13:03:13.323,/master/welcome,245
2021-12-10 13:03:13.957,/master/sign-in,560
2021-12-10 13:03:14.968,/master/welcome,548
2021-12-10 13:03:15.704,/officer/duty/list,561
2021-12-10 13:03:16.77,/officer/duty/show,547
2021-12-10 13:03:17.633,/officer/duty/list,644
2021-12-10 13:03:17.915,/master/welcome,267
2021-12-10 13:03:18.509,/master/welcome,543
2021-12-10 13:03:18.752,/master/welcome,207
2021-12-10 13:03:18.985,/master/welcome,218
2021-12-10 13:03:19.584,/master/sign-in,545
2021-12-10 13:03:20.753,/master/welcome,558
2021-12-10 13:03:21.432,/officer/duty/list,546
2021-12-10 13:03:22.336,/officer/duty/show,542
2021-12-10 13:03:23.16,/officer/duty/list,570
2021-12-10 13:03:23.418,/master/welcome,243
2021-12-10 13:03:24.014,/master/welcome,545
2021-12-10 13:03:24.275,/master/welcome,233
2021-12-10 13:03:24.57,/master/welcome,276
2021-12-10 13:03:25.178,/master/sign-in,549
2021-12-10 13:03:26.168,/master/welcome,561
2021-12-10 13:03:26.834,/officer/duty/list,540
2021-12-10 13:03:27.766,/officer/duty/show,536
2021-12-10 13:03:28.51,/officer/duty/list,556
2021-12-10 13:03:28.792,/master/welcome,263
2021-12-10 13:03:29.435,/master/welcome,552
2021-12-10 13:03:29.719,/master/welcome,258
2021-12-10 13:03:29.96,/master/welcome,225
2021-12-10 13:03:30.549,/master/sign-in,540
2021-12-10 13:03:31.531,/master/welcome,546
2021-12-10 13:03:32.212,/officer/duty/list,544
2021-12-10 13:03:33.093,/officer/duty/show,543
2021-12-10 13:03:33.933,/officer/duty/list,544
2021-12-10 13:03:34.184,/master/welcome,239
2021-12-10 13:03:34.788,/master/welcome,546
2021-12-10 13:03:35.044,/master/welcome,199
2021-12-10 13:03:35.289,/master/welcome,232
2021-12-10 13:03:35.901,/master/sign-in,560
2021-12-10 13:03:36.894,/master/welcome,567
2021-12-10 13:03:37.574,/officer/duty/list,547
2021-12-10 13:03:38.516,/officer/duty/show,544
2021-12-10 13:03:39.245,/officer/duty/list,546
2021-12-10 13:03:39.584,/master/welcome,317
2021-12-10 13:03:40.23,/master/welcome,567
2021-12-10 13:03:40.466,/master/welcome,201
2021-12-10 13:03:40.693,/master/welcome,214
2021-12-10 13:03:41.307,/master/sign-in,560
2021-12-10 13:03:42.31,/master/welcome,572
2021-12-10 13:03:43.113,/officer/duty/list,581
2021-12-10 13:03:44.031,/officer/duty/show,546
2021-12-10 13:03:44.839,/officer/duty/list,569
2021-12-10 13:03:45.09,/master/welcome,239
2021-12-10 13:03:45.695,/master/welcome,544
2021-12-10 13:03:45.926,/master/welcome,182
2021-12-10 13:03:46.148,/master/welcome,212
2021-12-10 13:03:46.75,/master/sign-in,543
2021-12-10 13:03:47.793,/master/welcome,560
2021-12-10 13:03:48.488,/officer/duty/list,555
2021-12-10 13:03:49.458,/officer/duty/show,550
2021-12-10 13:03:50.206,/officer/duty/list,550
2021-12-10 13:03:50.484,/master/welcome,265
2021-12-10 13:03:51.108,/master/welcome,558
2021-12-10 13:03:51.362,/master/welcome,228
2021-12-10 13:03:51.635,/master/welcome,257
2021-12-10 13:03:52.278,/master/sign-in,552
2021-12-10 13:03:53.292,/master/welcome,568
2021-12-10 13:03:53.969,/officer/duty/list,537
2021-12-10 13:03:54.897,/officer/duty/show,545
2021-12-10 13:03:55.676,/officer/duty/list,548
2021-12-10 13:03:55.969,/master/welcome,271
2021-12-10 13:03:56.58,/master/welcome,551
2021-12-10 13:03:56.893,/master/welcome,225
2021-12-10 13:03:57.132,/master/welcome,226
2021-12-10 13:03:57.727,/master/sign-in,543
2021-12-10 13:03:58.726,/master/welcome,568
2021-12-10 13:03:59.405,/officer/duty/list,545
2021-12-10 13:04:00.444,/officer/duty/show,570
2021-12-10 13:04:01.219,/officer/duty/list,558
2021-12-10 13:04:01.554,/master/welcome,299
2021-12-10 13:04:02.16,/master/welcome,551
2021-12-10 13:04:02.424,/master/welcome,205
2021-12-10 13:04:02.659,/master/welcome,226
2021-12-10 13:04:03.257,/master/sign-in,541
2021-12-10 13:04:04.274,/master/welcome,568
2021-12-10 13:04:04.942,/officer/duty/list,541
2021-12-10 13:04:05.958,/officer/duty/show,547
2021-12-10 13:04:06.702,/officer/duty/list,554
2021-12-10 13:04:06.96,/master/welcome,246
2021-12-10 13:04:07.552,/master/welcome,538
2021-12-10 13:04:07.793,/master/welcome,213
2021-12-10 13:04:08.04,/master/welcome,232
2021-12-10 13:04:08.634,/master/sign-in,541
2021-12-10 13:04:09.639,/master/welcome,568
2021-12-10 13:04:10.305,/officer/duty/list,541
2021-12-10 13:04:11.202,/officer/duty/show,564
2021-12-10 13:04:11.928,/officer/duty/list,543
2021-12-10 13:04:12.174,/master/welcome,233
2021-12-10 13:04:12.757,/master/welcome,535
2021-12-10 13:04:12.992,/master/welcome,204
2021-12-10 13:04:13.225,/master/welcome,222
2021-12-10 13:04:13.822,/master/sign-in,546
2021-12-10 13:04:14.929,/master/welcome,548
2021-12-10 13:04:15.576,/officer/duty/list,539
2021-12-10 13:04:16.473,/officer/duty/show,541
2021-12-10 13:04:17.195,/officer/duty/list,539
2021-12-10 13:04:17.458,/master/welcome,252
2021-12-10 13:04:18.074,/master/welcome,559
2021-12-10 13:04:18.379,/master/welcome,237
2021-12-10 13:04:18.975,/master/welcome,251
2021-12-10 13:04:19.305,/master/welcome,249
2021-12-10 13:04:19.919,/master/sign-in,550
2021-12-10 13:04:20.916,/master/welcome,568
2021-12-10 13:04:21.435,/master/welcome,254
2021-12-10 13:04:22.046,/master/welcome,550
2021-12-10 13:04:22.306,/master/welcome,218
2021-12-10 13:04:22.572,/master/welcome,247
2021-12-10 13:04:23.201,/master/sign-in,559
2021-12-10 13:04:24.323,/master/welcome,563
2021-12-10 13:04:24.842,/master/welcome,260
2021-12-10 13:04:25.472,/master/welcome,557
2021-12-10 13:04:29.417,/master/welcome,339
2021-12-10 13:04:29.691,/master/welcome,263
2021-12-10 13:04:30.355,/master/sign-in,550
2021-12-10 13:04:31.356,/master/welcome,569
2021-12-10 13:04:33.279,/master/welcome,223
2021-12-10 13:04:33.896,/master/welcome,552
2021-12-10 13:04:34.158,/master/welcome,208
2021-12-10 13:04:34.386,/master/welcome,212
2021-12-10 13:04:34.984,/master/sign-in,542
2021-12-10 13:04:36.008,/master/welcome,591
2021-12-10 13:04:36.697,/officer/duty/create,566
2021-12-10 13:04:38.346,/master/welcome,576
2021-12-10 13:04:38.968,/officer/duty/list,534
2021-12-10 13:04:39.903,/officer/duty/show,550
2021-12-10 13:04:40.312,/master/welcome,193
2021-12-10 13:04:40.582,/master/welcome,256
2021-12-10 13:04:41.176,/master/sign-in,539
2021-12-10 13:04:42.329,/master/welcome,572
2021-12-10 13:04:43.001,/officer/duty/create,541
2021-12-10 13:04:43.964,/master/welcome,549
2021-12-10 13:04:44.592,/officer/duty/list,541
2021-12-10 13:04:45.504,/officer/duty/show,553
2021-12-10 13:04:45.973,/master/welcome,242
2021-12-10 13:04:46.245,/master/welcome,253
2021-12-10 13:04:46.849,/master/sign-in,542
2021-12-10 13:04:47.862,/master/welcome,573
2021-12-10 13:04:48.524,/officer/duty/create,547
2021-12-10 13:04:49.523,/master/welcome,548
2021-12-10 13:04:50.168,/officer/duty/list,538
2021-12-10 13:04:51.104,/officer/duty/show,541
2021-12-10 13:04:51.509,/master/welcome,191
2021-12-10 13:04:51.754,/master/welcome,233
2021-12-10 13:04:52.367,/master/sign-in,550
2021-12-10 13:04:53.353,/master/welcome,570
2021-12-10 13:04:54.044,/officer/duty/create,542
2021-12-10 13:04:55.507,/master/welcome,574
2021-12-10 13:04:56.159,/officer/duty/list,547
2021-12-10 13:04:57.149,/officer/duty/show,545
2021-12-10 13:04:57.579,/master/welcome,204
2021-12-10 13:04:57.843,/master/welcome,247
2021-12-10 13:04:58.446,/master/sign-in,545
2021-12-10 13:04:59.55,/master/welcome,569
2021-12-10 13:05:00.231,/officer/duty/create,541
2021-12-10 13:05:01.331,/master/welcome,545
2021-12-10 13:05:02.032,/officer/duty/list,554
2021-12-10 13:05:03.031,/officer/duty/show,545
2021-12-10 13:05:03.534,/master/welcome,230
2021-12-10 13:05:03.79,/master/welcome,241
2021-12-10 13:05:04.396,/master/sign-in,545
2021-12-10 13:05:05.423,/master/welcome,571
2021-12-10 13:05:06.093,/officer/duty/create,551
2021-12-10 13:05:07.123,/master/welcome,555
2021-12-10 13:05:07.833,/officer/duty/list,557
2021-12-10 13:05:08.812,/officer/duty/show,545
2021-12-10 13:05:13.161,/master/welcome,338
2021-12-10 13:05:13.444,/master/welcome,267
2021-12-10 13:05:14.073,/master/sign-in,552
2021-12-10 13:05:15.113,/master/welcome,575
2021-12-10 13:05:17.041,/master/welcome,235
2021-12-10 13:05:17.641,/master/welcome,545
2021-12-10 13:05:17.913,/master/welcome,212
2021-12-10 13:05:18.172,/master/welcome,239
2021-12-10 13:05:18.779,/master/sign-in,548
2021-12-10 13:05:19.753,/master/welcome,553
2021-12-10 13:05:20.47,/officer/duty/list,565
2021-12-10 13:05:21.453,/officer/duty/show,550
2021-12-10 13:05:21.802,/master/welcome,180
2021-12-10 13:05:22.4,/master/welcome,546
2021-12-10 13:05:22.656,/master/welcome,216
2021-12-10 13:05:22.874,/master/welcome,206
2021-12-10 13:05:23.457,/master/sign-in,534
2021-12-10 13:05:24.478,/master/welcome,566
2021-12-10 13:05:25.169,/officer/duty/list,563
2021-12-10 13:05:26.157,/officer/duty/show,539
2021-12-10 13:05:26.54,/master/welcome,181
2021-12-10 13:05:27.149,/master/welcome,553
2021-12-10 13:05:27.354,/master/welcome,182
2021-12-10 13:05:27.578,/master/welcome,210
2021-12-10 13:05:28.195,/master/sign-in,560
2021-12-10 13:05:29.322,/master/welcome,566
2021-12-10 13:05:30.008,/officer/duty/list,544
2021-12-10 13:05:30.914,/officer/duty/show,546
2021-12-10 13:05:31.326,/master/welcome,181
2021-12-10 13:05:31.909,/master/welcome,535
2021-12-10 13:05:32.143,/master/welcome,208
2021-12-10 13:05:32.388,/master/welcome,231
2021-12-10 13:05:33.004,/master/sign-in,549
2021-12-10 13:05:34.158,/master/welcome,567
2021-12-10 13:05:34.834,/officer/duty/list,539
2021-12-10 13:05:35.729,/officer/duty/show,532
2021-12-10 13:05:36.12,/master/welcome,199
2021-12-10 13:05:36.7,/master/welcome,534
2021-12-10 13:05:36.932,/master/welcome,200
2021-12-10 13:05:37.199,/master/welcome,243
2021-12-10 13:05:37.812,/master/sign-in,554
2021-12-10 13:05:38.783,/master/welcome,543
2021-12-10 13:05:39.44,/officer/duty/list,543
2021-12-10 13:05:40.351,/officer/duty/show,540
2021-12-10 13:05:40.764,/master/welcome,198
2021-12-10 13:05:41.364,/master/welcome,541
2021-12-10 13:05:41.625,/master/welcome,216
2021-12-10 13:05:41.889,/master/welcome,241
2021-12-10 13:05:42.495,/master/sign-in,539
2021-12-10 13:05:43.472,/master/welcome,565
2021-12-10 13:05:44.11,/officer/duty/list,543
2021-12-10 13:05:45.008,/officer/duty/show,542
2021-12-10 13:05:45.419,/master/welcome,183
2021-12-10 13:05:46.017,/master/welcome,543
2021-12-10 13:05:46.259,/master/welcome,196
2021-12-10 13:05:46.485,/master/welcome,215
2021-12-10 13:05:47.109,/master/sign-in,565
2021-12-10 13:05:48.179,/master/welcome,558
2021-12-10 13:05:48.837,/officer/duty/list,538
2021-12-10 13:05:49.767,/officer/duty/show,539
2021-12-10 13:05:50.179,/master/welcome,192
2021-12-10 13:05:50.791,/master/welcome,559
2021-12-10 13:05:51.03,/master/welcome,187
2021-12-10 13:05:51.255,/master/welcome,214
2021-12-10 13:05:51.879,/master/sign-in,552
2021-12-10 13:05:52.964,/master/welcome,565
2021-12-10 13:05:53.645,/officer/duty/list,545
2021-12-10 13:05:54.744,/officer/duty/show,548
2021-12-10 13:05:55.125,/master/welcome,184
2021-12-10 13:05:55.741,/master/welcome,563
2021-12-10 13:05:56.0,/master/welcome,211
2021-12-10 13:05:56.315,/master/welcome,292
2021-12-10 13:05:56.929,/master/sign-in,546
2021-12-10 13:05:57.936,/master/welcome,567
2021-12-10 13:05:58.64,/officer/duty/list,541
2021-12-10 13:05:59.595,/officer/duty/show,546
2021-12-10 13:06:00.026,/master/welcome,198
2021-12-10 13:06:00.64,/master/welcome,559
2021-12-10 13:06:00.914,/master/welcome,222
2021-12-10 13:06:01.139,/master/welcome,211
2021-12-10 13:06:01.743,/master/sign-in,550
2021-12-10 13:06:02.755,/master/welcome,570
2021-12-10 13:06:03.423,/officer/duty/list,540
2021-12-10 13:06:04.399,/officer/duty/show,573
2021-12-10 13:06:04.785,/master/welcome,193
2021-12-10 13:06:05.447,/master/welcome,569
2021-12-10 13:06:05.685,/master/welcome,193
2021-12-10 13:06:05.925,/master/welcome,221
2021-12-10 13:06:06.524,/master/sign-in,550
2021-12-10 13:06:07.518,/master/welcome,567
2021-12-10 13:06:08.224,/officer/duty/list,541
2021-12-10 13:06:09.127,/officer/duty/show,543
2021-12-10 13:06:09.52,/master/welcome,183
2021-12-10 13:06:10.178,/master/welcome,568
2021-12-10 13:06:10.453,/master/welcome,229
2021-12-10 13:06:10.672,/master/welcome,206
2021-12-10 13:06:11.261,/master/sign-in,544
2021-12-10 13:06:12.235,/master/welcome,572
2021-12-10 13:06:12.923,/officer/duty/list,538
2021-12-10 13:06:13.973,/officer/duty/show,557
2021-12-10 13:06:14.329,/master/welcome,193
2021-12-10 13:06:14.922,/master/welcome,544
2021-12-10 13:06:15.158,/master/welcome,192
2021-12-10 13:06:15.376,/master/welcome,208
2021-12-10 13:06:15.976,/master/sign-in,543
2021-12-10 13:06:16.974,/master/welcome,565
2021-12-10 13:06:17.473,/master/welcome,234
2021-12-10 13:06:18.079,/master/welcome,551
2021-12-10 13:06:22.327,/master/welcome,363
2021-12-10 13:06:22.627,/master/welcome,278
2021-12-10 13:06:23.263,/master/sign-in,556
2021-12-10 13:06:24.284,/master/welcome,566
2021-12-10 13:06:26.192,/master/welcome,202
2021-12-10 13:06:26.802,/master/welcome,554
2021-12-10 13:06:27.065,/master/welcome,209
2021-12-10 13:06:27.686,/anonymous/shout/list-recent,536
2021-12-10 13:06:28.345,/master/welcome,209
2021-12-10 13:06:29.034,/anonymous/shout/list-recent,552
2021-12-10 13:06:29.72,/master/welcome,241
2021-12-10 13:06:30.381,/anonymous/shout/list-recent,552
2021-12-10 13:06:30.939,/master/welcome,207
2021-12-10 13:06:31.582,/anonymous/shout/list-recent,549
2021-12-10 13:06:32.207,/master/welcome,197
2021-12-10 13:06:32.845,/anonymous/shout/list-recent,550
2021-12-10 13:06:33.656,/master/welcome,238
2021-12-10 13:06:33.929,/master/welcome,254
2021-12-10 13:06:34.553,/master/sign-in,551
2021-12-10 13:06:35.562,/master/welcome,575
2021-12-10 13:06:35.885,/master/welcome,214
2021-12-10 13:06:36.505,/master/welcome,552
2021-12-10 13:06:36.755,/master/welcome,191
2021-12-10 13:06:37.004,/master/welcome,235
2021-12-10 13:06:37.639,/master/sign-in,567
2021-12-10 13:06:38.649,/master/welcome,572
2021-12-10 13:06:38.952,/master/welcome,215
2021-12-10 13:06:39.57,/master/welcome,557
2021-12-10 13:06:45.068,/master/welcome,355
2021-12-10 13:06:45.353,/master/welcome,267
2021-12-10 13:06:45.979,/master/sign-in,550
2021-12-10 13:06:46.99,/master/welcome,561
2021-12-10 13:06:48.954,/master/welcome,221
2021-12-10 13:06:49.565,/master/welcome,554
2021-12-10 13:06:49.852,/master/welcome,234
2021-12-10 13:06:50.535,/anonymous/shout/create,541
2021-12-10 13:06:51.562,/master/welcome,553
2021-12-10 13:06:52.203,/anonymous/shout/list-recent,535
2021-12-10 13:06:52.758,/master/welcome,185
2021-12-10 13:06:53.389,/anonymous/shout/create,543
2021-12-10 13:06:54.205,/master/welcome,555
2021-12-10 13:06:54.853,/anonymous/shout/list-recent,543
2021-12-10 13:06:55.441,/master/welcome,209
2021-12-10 13:06:56.111,/anonymous/shout/create,537
2021-12-10 13:06:56.885,/master/welcome,549
2021-12-10 13:06:57.526,/anonymous/shout/list-recent,545
2021-12-10 13:06:58.015,/master/welcome,196
2021-12-10 13:06:58.645,/anonymous/shout/create,543
2021-12-10 13:06:59.422,/master/welcome,553
2021-12-10 13:07:00.082,/anonymous/shout/list-recent,541
2021-12-10 13:07:00.584,/master/welcome,207
2021-12-10 13:07:01.241,/anonymous/shout/create,554
2021-12-10 13:07:02.06,/master/welcome,557
2021-12-10 13:07:02.735,/anonymous/shout/list-recent,561
2021-12-10 13:07:03.233,/master/welcome,196
2021-12-10 13:07:03.871,/anonymous/shout/create,549
2021-12-10 13:07:04.803,/anonymous/shout/create,590
2021-12-10 13:07:05.075,/master/welcome,222
2021-12-10 13:07:05.715,/anonymous/shout/create,548
2021-12-10 13:07:06.5,/anonymous/shout/create,551
2021-12-10 13:07:06.763,/master/welcome,213
2021-12-10 13:07:07.412,/anonymous/shout/create,543
2021-12-10 13:07:08.2,/anonymous/shout/create,541
2021-12-10 13:07:08.46,/master/welcome,229
2021-12-10 13:07:09.235,/anonymous/shout/create,595
2021-12-10 13:07:10.031,/anonymous/shout/create,547
2021-12-10 13:07:10.292,/master/welcome,213
2021-12-10 13:07:10.925,/anonymous/shout/create,553
2021-12-10 13:07:11.633,/anonymous/shout/create,560
2021-12-10 13:07:11.914,/master/welcome,245
2021-12-10 13:07:12.56,/anonymous/shout/create,565
2021-12-10 13:07:13.359,/anonymous/shout/create,566
2021-12-10 13:07:13.589,/master/welcome,192
2021-12-10 13:07:14.21,/anonymous/shout/create,538
2021-12-10 13:07:15.009,/anonymous/shout/create,546
2021-12-10 13:07:15.247,/master/welcome,200
2021-12-10 13:07:15.901,/anonymous/shout/create,545
2021-12-10 13:07:16.673,/anonymous/shout/create,547
2021-12-10 13:07:16.933,/master/welcome,218
2021-12-10 13:07:17.597,/anonymous/shout/create,546
2021-12-10 13:07:18.507,/anonymous/shout/create,551
